SMILES	ms2_count	adducts	mass
O[C@@H]1[C@@H](COP(O)(=O)OP(O)(=O)O[C@H]2O[C@@H]([C@@H](O)[C@H](O)[C@H]2O)C(O)=O)O[C@H]([C@@H]1O)N1C=CC(=O)NC1=O	1	M-H	580.0342851239999
OC[C@H]1O[C@H](O[C@H]2[C@H](O)[C@H](O)[C@@H](O)O[C@@H]2CO)[C@H](O)[C@@H](O)[C@@H]1O	2	M-H,M+Na	342.11621152399994
C(C1C(C(C(C(O1)OCC2C(C(C(O2)(CO)O)O)O)O)O)O)O	2	M+Na,M-H	342.11621152399994
OC[C@H](O)C(O)[C@@H](O)CO	2	M-H,M+Na	152.068473484
CC(=O)C1CCC2C1(CCC3C2CC=C4C3(CCC(C4)OS(=O)(=O)O)C)C	1	M-H	396.1970451239999
CC(C)C[C@H](NC(C)=O)C(O)=O	5	M-H,2M-2H+Na,M+H,M-H2O+H,M+Na	173.10519334
NC1=NC2=C(N=C(CNC3=CC=C(C=C3)C(=O)N[C@@H](CCC(O)=O)C(O)=O)CN2)C(=O)N1	0		443.15533139199994
OCC1=CC=CC(O)=C1	0		124.052429496
N[C@@H](CCC(=O)N[C@@H](CS)C(=O)NCC(O)=O)C(O)=O	3	M-H,M+H,M+Na	307.083806264
COC1=C(O)C=CC(CCN)=C1	2	M+H,M+Na	167.094628656
OC(=O)C1=CC(=O)C2=CC=CC=C2N1	2	M+H,M-H	189.042593084
CCCCCCCCCCCCCCCCO	0		242.26096570800001
CC[C@H](C)[C@H](N)C(O)=O	2	M-H,M+H	131.094628656
C(CCC(=O)O)CCC(=O)O	1	M-H	160.073558864
CC(=O)OCC(=O)C1(CCC2C1(CC(C3C2CCC4=CC(=O)CCC34C)O)C)O	2	M+H,M+Na	404.2198887439999
OC[C@H]1O[C@@](CO)(O[C@H]2O[C@H](CO)[C@@H](O)[C@H](O)[C@H]2O)[C@@H](O)[C@@H]1O	2	M+Na,M-H	342.11621152399994
COC1=CC(CC(N)C(O)=O)=CC=C1O	2	M-H,M+H	211.084457896
CCCCCCCCCC(O)=O	0		172.14632988
CC(=C)CCOP(O)(=O)OP(O)(O)=O	0		246.00582598399998
NCCCC[C@H](N)C(O)=O	4	M-H,M-H,M+H,M+H	146.105527688
CCCCCCCCCCCCCCCCCC(O)=O	0		284.271530392
COC1=C(O)C=CC(\C=C\C(O)=O)=C1	3	M-H,M+H,M-H2O+H	194.0579088
OCC(OP(O)(O)=O)C(O)=O	1	M-H	185.992939194
CC(C)(N)C(O)=O	1	M+H	103.063328528
CC(=CC(=O)O)C(=O)O	1	M-H	130.026608672
OC(=O)C1=CC=C(O)C=C1	1	M-H	138.031694052
OC(=O)C1=CC=CC(O)=C1O	2	M-H,2M-2H+Na	154.026608672
CNC(N)=N	0		73.06399722399999
CC(C)(CO)C(O)C(=O)NCCC(O)=O	3	M+H,M+Na,M-H	219.110672644
OC[C@@H](O)COP(O)(O)=O	1	M-H	172.013674638
OC(=O)C1=CN=C(O)C=C1	2	M+H,M-H	139.02694302
CCCCCCCCCCCCCCCC(=O)OC\C=C(/C)\C=C\C=C(/C)\C=C\C1=C(C)CCCC1(C)C	0		524.45933116
CC(O)(CC(O)=O)C(O)=O	1	M-H	148.037173356
N[C@@H](CCC[C@H](N)C(O)=O)C(O)=O	0		190.095356928
CC(CCC(=O)O)C1CCC2C1(CCC3C2C(CC4C3(CCC(C4)O)C)O)C	2	M-H2O+H,M-2H2O+H	392.29265975999994
NC(=O)C1=CN=CC=C1	1	M+H	122.048012812
NC1=NC=NC2=C1NC=N2	8	M+H,M+Na,2M+H,M-H,M-H,M+H,M+Na,2M+H	135.05449516
CC1=CN([C@H]2C[C@H](O)[C@@H](COP(O)(O)=O)O2)C(=O)NC1=O	4	M+Na,M-H,M-H,M+Na	322.05660207
[H][C@@]12CC[C@H]([C@H](C)CCC(O)=O)[C@@]1(C)CC[C@@]1([H])[C@@]2([H])CCC2C[C@H](O)CC[C@]12C	0		376.29774513999996
C(CCCCC(=O)O)CCCCO	3	M-H,M+Na,M-2H2O+H	188.1412445
OC(=O)CC1=CC=C(O)C=C1	0		152.047344116
OC(=O)CCCCCCC(O)=O	4	M-H,M-H2O+H,M+Na,M-2H2O+H	174.089208928
[H][C@@]1(O)O[C@H](CO)[C@@H](O)[C@H](O)[C@@H]1NC(C)=O	2	M+Na,M-H	221.0899372
NCCC[C@@H](N)C(O)=O	0		132.089877624
O[C@H]1C[C@@H](O[C@@H]1COP(O)(=O)OP(O)(=O)OP(O)(O)=O)N1C=CC(=O)NC1=O	1	M-H	467.9736130499999
N[C@@H](CC1=CC(I)=C(OC2=CC(I)=C(O)C(I)=C2)C(I)=C1)C(O)=O	1	M+H	776.686699832
C[C@]1(O)CCOC(=O)C1	1	2M+Na	130.06299418
OC(=O)C(=O)C(O)=O	0		117.990223164
NC(=O)CCCCC1CCSS1	1	M+Na	205.0595061
CC(=O)NCCCNCCCCNCCCN	2	M+H,M+Na	244.226311516
OC(=O)CC1=CC=C(O)C(O)=C1	2	2M-2H+Na,M+Na	168.042258736
NCCC1=CNC2=CC=C(O)C=C12	2	M+H,M+Na	176.094963004
OC[C@H]1O[C@@H](O[C@H]2[C@H](O)[C@@H](O)[C@@H](O)O[C@@H]2CO)[C@H](O)[C@@H](O)[C@H]1O	2	M-H,M+Na	342.11621152399994
O=C1NC=CC(=O)N1	1	M+H	112.027277368
CC(=O)N[C@@H]1[C@@H](O)C[C@](O)(O[C@H]1[C@H](O)[C@H](O)CO)C(O)=O	5	M-H,M+H,M-H2O+H,M+Na,M-2H2O+H	309.105981188
CCCCCCCC\C=C/CCCCCCCC(O)=O	0		282.255880328
CSC1=NC=NC2=C1NC=N2	3	M+H,M+Na,M-H	166.031317192
OC[C@H]1O[C@H](OP(O)(O)=O)[C@H](O)[C@@H](O)[C@H]1O	1	M-H	260.02971862600003
NC1=CC=CC=C1	0		93.057849224
C1(C(C(OC(C1O)O)C(=O)O)O)O	2	M-H,M+Na	194.04265266000002
CC(=O)C=O	0		72.021129368
[H][C@@]1(OC(=O)C(=O)C1=O)[C@H](O)CO	0		174.01643791200001
C(C[Se][Se]CCN)N	1	M+H	247.933090984
CCCCCCCC\C=C\CCCCCCCC(O)=O	0		282.255880328
[H][C@@]1(CC[C@@]2(C)C3=C(CC[C@]12C)[C@@]1(C)CC[C@H](O)C(C)(C)[C@]1([H])CC3)[C@H](C)CCC=C(C)C	0		426.38616622
C[C@H](O)[C@H](N)C(O)=O	1	M+H	119.058243148
C1=CC=C2N=CC=CC2=C1	0		129.057849224
CCOC(=O)CCNC(=O)N	0		160.084792244
OCC(CO)OP(O)(O)=O	1	M-H	172.013674638
O[C@H]1[C@@H](O)[C@@H](O[C@@H]1COP(O)(=O)OP(O)(=O)OP(O)(O)=O)N1C=CC(=O)NC1=O	1	M-H	483.96852766999996
C1=CC=C2C(=C1)C(=CC=N2)C(=O)O	3	M+H,M-H,2M-2H+Na	173.047678464
OC(=O)C(=O)CC1=CNC2=CC=CC=C12	0		203.058243148
NC1=NC2=C(N=CN2[C@H]2C[C@H](O)[C@@H](CO)O2)C(=O)N1	3	M-H,M+H,M+Na	267.096753896
COC1OC(CO)C(O)C(O)C1O	1	M+Na	194.079038168
C(C(C(=O)O)O)(C(=O)O)O.O	0		168.02700259600002
NC[C@H](O)C1=CC=C(O)C=C1	2	M-H2O+H,M+Na	153.078978592
C1C(C(C(=O)C=C1C(=O)O)O)O	3	M+Na,M-H,2M-2H+Na	172.037173356
NCCC1=CNC2=CC=CC=C12	1	M+H	160.100048384
[H][C@@](COC(=O)CCCCCCCCCCCCCCC)(COP(O)(=O)OCCN)OC(=O)CCCCCCCCCCCCCCC	0		691.5152049579999
OC[C@H]1O[C@@](CO)(OC2O[C@H](COC3O[C@H](CO)[C@H](O)[C@H](O)[C@H]3O)[C@@H](O)[C@H](O)[C@H]2O)[C@@H](O)[C@@H]1O	2	M-H,M+Na	504.1690349439998
CC1=C(C2=CC3=NC(=CC4=C(C(=C([N-]4)C=C5C(=C(C(=N5)C=C1[N-]2)C(C)SCC(C(=O)NC)N)C)C(C)SCC(C(=O)NC)N)C)C(=C3CCC(=O)O)C)CCC(=O)O.[Fe+2]	0		884.2800608840001
NCCCCCN	0		102.11569844799999
NC1=NC=NC2=C1N=CN2C1OC(CO)C2OP(O)(=O)OC12	3	M+H,M+Na,M-H	329.05251973399993
CCCCCCCCCCCCCCCCCCCCCCC(O)=O	0		354.3497807119999
CN1C=NC(N)=C2N=CN=C12	1	M+H	149.070145224
CC1=CC2=C(C=C1C)N(C[C@H](O)[C@H](O)[C@H](O)COP(O)(=O)OP(O)(=O)OC[C@H]1O[C@H]([C@H](O)[C@@H]1O)N1C=NC3=C1N=CN=C3N)C1=NC(=O)NC(=O)C1=N2	1	M-H	785.1571346159997
CC(=O)NCCCC(O)=O	3	M+H,M+Na,M-H	145.073893212
OC(=O)C1CCC(=O)N1	3	M+H,M+Na,M-H	129.042593084
CCCCC(CC)COC(=O)C1=CC=CC=C1C(=O)OCC(CC)CCCC	0		390.277009696
O=CCC1=CC=CC=C1	0		120.057514876
OC[C@@H](O)C(O)=O	0		106.02660867200001
C1CCC(C(C1)O)O	0		116.083729624
C1C(C(OC1N2C=CC(=O)NC2=O)COP(=O)(O)O)O	2	M+Na,M-H	308.040952006
NC1=NC2=C(N=CN2[C@@H]2O[C@@H]3COP(O)(=O)O[C@H]3[C@H]2O)C(=O)N1	3	M+H,M+Na,M-H	345.047434354
CC(=O)OC(CC([O-])=O)C[N+](C)(C)C	2	M+H,M+Na	203.115758024
NC1=CC=C(C=C1)C(O)=O	2	M+H,M-H2O+H	137.047678464
[H][C@@]12CC[C@H]([C@H](C)CCC=C(C)C)[C@@]1(C)CC[C@@]1([H])[C@@]2([H])CC=C2C[C@@H](O)CC[C@]12C	0		384.33921602799995
NC1=CC=CC=C1C(O)=O	3	M+H,M-H2O+H,M-H	137.047678464
CC(C)CC(=O)C(O)=O	0		130.06299418
CN1C2=C(NC=N2)C(=O)N(C)C1=O	4	M+H,M+Na,M-H,2M-2H+Na	180.064725496
[H][C@@]12CC[C@@](O)(C(=O)CO)[C@@]1(C)C[C@H](O)[C@@]1([H])[C@@]2([H])CCC2=CC(=O)CC[C@]12C	4	M-H,M+H,2M+Na,M+Na	362.20932406
O=CCC1=CNC2=CC=CC=C12	3	M+H,M+Na,M-H	159.068413908
CCCCCCCC(O)=O	0		144.115029752
N[C@@H](CO)C(O)=O	1	M+H	105.042593084
CC(=O)N[C@H]1C(O)O[C@H](CO)[C@@H](O)[C@@H]1O	3	M-H,2M+Na,M+Na	221.0899372
OC[C@H]1O[C@H]([C@H](O)[C@@H]1O)N1C=NC2=C1N=CNC2=O	3	M-H,M+H,M+Na	268.08076948400003
OC[C@H]1OC(=O)[C@H](O)[C@@H](O)[C@@H]1O	0		178.04773804
NC[C@H](N)C(O)=O	0		104.058577496
C(C(C1C(C(C(=O)O1)O)O)O)O	2	M-H,M+Na	178.04773804
NCCC1=CC=CC=C1	0		121.08914935199999
CC1=CN=C(C)C=N1	0		108.06874825599999
NCCC1=CNC=N1	1	M+H	111.07964728799999
CN(CC(O)=O)C(=N)NP(O)(O)=O	3	M+H,M-H,M+H	211.03580705
OC(O)=C(O)C(=O)C(O)=O	0		148.000787848
CC1=CN([C@H]2C[C@H](O)[C@@H](COP(O)(=O)OP(O)(=O)OC3O[C@H](CO)[C@@H](O)[C@H](O)[C@H]3O)O2)C(=O)NC1=O	1	M-H	564.0757560119998
OC(=O)CC1=CNC2=CC=C(O)C=C12	3	M+H,M+Na,M-H	191.058243148
CC12CCC(CC1CCC3C2C(CC4(C3CCC4(C(=O)CO)O)C)O)O	0		366.2406241879999
CC1=CC(O)=C(O)C=C1	1	M-H	124.052429496
NC1=NC(=O)N(C=C1)[C@H]1C[C@H](O)[C@@H](COP(O)(O)=O)O1	3	M-H,M+H,M+Na	307.05693641799996
OC(=O)C=C	0		72.021129368
OC(=O)CC1=CC=CC(O)=C1	1	M-H	152.047344116
CC(CCC(=O)NCC(=O)O)C1CCC2C1(CCC3C2C(CC4C3(CCC(C4)O)C)O)C	4	M-H2O+H,M+Na,M-2H2O+H,M-H	449.31412347599996
CCCCCCCCCCCCCC(O)=O	0		228.208930136
CN1CCCC1C2=CN=CC=C2	0		162.115698448
NC1=NC(=O)N(C=C1)[C@H]1C[C@H](O)[C@@H](CO)O1	5	M+H,2M+Na,M+Na,2M+H,M-H	227.090605896
CN(C)C	0		59.073499287999994
O[C@@H]([C@@H](O)[C@H](O)C(O)=O)[C@@H](O)C(O)=O	2	M+Na,M-H	210.03756728000002
CC(CCC(O)=O)C(O)=O	2	M-H,2M-2H+Na	146.0579088
NC1=NC2=C(N=CN2[C@H]2C[C@H](O)[C@@H](COP(O)(O)=O)O2)C(=O)N1	1	M-H	347.06308441799996
NC(CCCC(O)=O)C(O)=O	3	M-H,M+H,M-H2O+H	161.068807832
NC1(CC1)C(O)=O	0		101.047678464
N[C@@H](CS)C(O)=O	0		121.019749464
NCCCCNCCCN	2	M+H,M+H	145.15789760799998
CC1=C(C)C=C2N(C[C@H](O)[C@H](O)[C@H](O)CO)C3=NC(=O)NC(=O)C3=NC2=C1	3	M+H,M+Na,M-H	376.13828436
OC(=O)CC1=CNC2=C1C=CC=C2	4	M+H,M+Na,M+H,M+Na	175.063328528
C[N+]1=CC=CC(=C1)C(N)=O	0		137.07093932809
OC1=CC=CC=C1O	0		110.036779432
CCCCCCCCCCCC(O)=O	0		200.177630008
C[N+](C)(C)C[C@H](O)CC([O-])=O	2	M+H,M+Na	161.10519334
CC(=O)NC1C(O)C(O)C(CO)OC1OP(O)(=O)OP(O)(=O)OCC1OC(C(O)C1O)N1C=CC(=O)NC1=O	1	M-H	607.0815696639999
N[C@@H](CCCNC(N)=O)C(O)=O	2	M+H,M+Na	175.095691276
NC(=O)NCCC(O)=O	2	M-H,M+Na	132.053492116
CN[C@H](CC(O)=O)C(O)=O	2	M-H,M+H	147.053157768
N[C@H]1[C@@H](O)O[C@H](COP(O)(O)=O)[C@@H](O)[C@@H]1O	4	M-H,M+H,M+Na,M-2H2O+H	259.04570303800006
CC(=O)N[C@@H](CC(N)=O)C(O)=O	2	M+Na,M-H	174.0640568
OC(C(CC(O)=O)C(O)=O)C(O)=O	0		192.02700259600002
NC1=C(O)C=CC=C1C(O)=O	3	M-H,M+H,M-H2O+H	153.042593084
NC(CC(=O)C1=C(N)C(O)=CC=C1)C(O)=O	0		224.079706864
N[C@@H](CCO)C(O)=O	1	M+H	119.058243148
NCCOP(O)(O)=O	2	M-H,M-H	141.019094366
O[C@H]1CN[C@@H](C1)C(O)=O	3	M+H,M+Na,M-H	131.058243148
O=C1NC2=C(N1)C(=O)NC(=O)N2	3	M+H,M-H,2M-2H+Na	168.028339988
CC(C)=CCC\C(C)=C\CC\C(C)=C\CC\C(C)=C\CC\C(C)=C\CC\C(C)=C\CC1=C(C)C(=O)C2=CC=CC=C2C1=O	0		580.4280310319999
CSC	0		62.019021192
CC1(C)COC(=O)C1O	1	2M+Na	130.06299418
OC[C@H]1O[C@H]([C@H](O)[C@@H]1O)N1C=CC(=O)NC1=O	2	M+Na,M-H	244.069536104
C1=C(C(=O)NC(=O)N1)C(=O)O	3	M+H,M+Na,M-H	156.017106608
O[C@H]1[C@H](O)[C@@H](O)[C@H](O)[C@H](O)[C@@H]1O	1	M+Na	180.063388104
CCCCCCCC\C=C/CCCCCCCCCCCCCC(O)=O	0		366.3497807119999
OC(=O)C1=CC(O)=C(O)C=C1	1	M-H	154.026608672
O[C@H](CC(O)=O)C(O)=O	1	M-H	134.021523292
N[C@@H](CCCN=C(N)N)C(O)=O	3	M+H,M+Na,M-H	174.111675688
OC(=O)CCC=O	0		102.031694052
O[C@@H]1O[C@@H]([C@H](O)[C@H](O)[C@H]1O)C(O)=O	0		194.04265266000002
OC[C@H](O)[C@@H](O)[C@@H](O)[C@H](O)CO	2	M+Na,M-H	182.079038168
N[C@H](CO)CC1=CN=CN1	4	M-H,M+H,M-H2O+H,M+Na	141.090211972
CN1C=NC=C1CCN	1	M+H	125.09529735199999
C(C=O)O	0		60.021129368000004
CC(C)CC=O	0		86.07316494
CC1=C2NC=C3C2=C(C2=CNC4=C(C)C(=O)C(=O)C3=C24)C(=O)C1=O	0		318.06405679999995
CC(=O)N[C@@H]1[C@@H](O)[C@H](O)[C@@H](CO)O[C@@H]1OP(O)(=O)OP(O)(=O)OC[C@H]1O[C@H]([C@H](O)[C@@H]1O)N1C=CC(=O)NC1=O	1	M-H	607.0815696639999
C[C@@H]1NC(=O)N[C@@H]1CCCCCC(O)=O	4	M-H,M+H,M-H2O+H,M+Na	214.131742436
OC(=O)C1=CC(=O)NC(=O)N1	3	M-H,M-H,2M-2H+Na	156.017106608
C[C@H](O)C(O)=O	0		90.031694052
CC(=O)N[C@H]1[C@H](O)O[C@H](CO)[C@H](O)[C@@H]1O	2	M-H,M+Na	221.0899372
CC[C@H](NC(=O)CC[C@H](N)C(O)=O)C(=O)NCC(O)=O	3	M+H,M+Na,M-H	289.127385328
OC(=O)C1=CN=CC=C1	2	M+H,2M-2H+Na	123.0320284
C[Se]CCC(N)C(O)=O	2	M+H,M-H	196.995499892
NC1=NC2=C(N=CN2[C@@H]2O[C@H](COP(O)(=O)OP(O)(=O)OP(O)(O)=O)[C@@H](O)[C@H]2O)C(=O)N1	1	M-H	522.9906600819999
CCCC(O)=O	0		88.052429496
C1CCOC(=O)C1	1	2M+Na	100.052429496
NC1=NC=NC2=C1N=CN2[C@H]1C[C@H](O)[C@@H](CO)O1	2	M+H,M+Na	251.101839276
N[C@@H](CC1=CC(O)=C(O)C=C1)C(O)=O	1	M-H	197.068807832
CC1=C(CCO)SC=[N+]1CC1=C(N)N=C(C)N=C1	0		265.11175858409
O[C@H]1CN[C@H](C1)C(O)=O	2	M+H,M-H	131.058243148
CCCCCCCCCCCCCCCC(=O)OC[C@H](COP([O-])(=O)OCC[N+](C)(C)C)OC(=O)CCCCCCCCCCCCCCC	0		733.5621551499999
CCCCCCCCCCCCCCCC(OC(C[N+](C)(C)C)CC([O-])=O)=O	2	M+H,M+Na	399.33485891999993
O[C@H]1O[C@@H]([C@@H](O)[C@H](O)[C@H]1O)C(O)=O	2	M-H,M+Na	194.04265266000002
C1=CN=CN=C1	0		80.037448128
OC[C@@H](O)[C@@H](O)[C@H](O)[C@@H](O)C(O)=O	4	M+Na,M-H,M+Na,M-H	196.05830272400001
NCC(O)=O	0		75.0320284
NC1=NC=NC2=C1N=CN2[C@@H]1O[C@H](COP(O)(=O)OP(O)(O)=O)[C@@H](O)[C@H]1O	1	M-H	427.02941493999987
OC(=O)\C=C\C1=CC=CC=C1	2	M-H2O+H,2M+Na	148.052429496
C(CC(=O)C(=O)O)CC(=O)O	1	M-H	160.037173356
C\C(\C=C\C1=C(C)CCCC1(C)C)=C/C=C/C(/C)=C/C(O)=O	0		300.208930136
O[C@@H]1[C@@H](COP(O)(=O)OP(O)(=O)OP(O)(O)=O)O[C@H]([C@@H]1O)N1C=NC2=C1N=CN=C2O	1	M-H	507.97976105
CC(C)CC(=O)C(=O)O	0		130.06299418
CCCCCCCCCCCC(=O)O[C@H](CC([O-])=O)C[N+](C)(C)C	2	M+H,M+Na	343.27225866400005
CC(=O)NC1C(C(C(OC1N)CO)O)O	1	M+H	220.105921612
CC12CCC3C(C1CCC2O)CCC4=C3C=CC(=C4)O	1	M-H2O+H	272.177630008
CCC(C)C=O	0		86.07316494
O[C@H]1[C@@H](O)[C@@H](OP(O)(O)=O)O[C@@H]1COP(O)(O)=O	0		309.9854844639999
NC1=NC=NC2=C1N=CN2[C@H]1C[C@H](O)[C@@H](COP(O)(O)=O)O1	3	M+H,M+Na,M-H	331.0681697979999
OC[C@H](O)[C@@H](O)[C@H](O)[C@H](O)CO	1	M+Na	182.079038168
OC(=O)C1=CC(O)=CC=C1O	2	M-H,2M-2H+Na	154.026608672
NC1=NC=NC2=C1N=CN2[C@@H]1O[C@H](CO)[C@@H](O)[C@H]1O	3	M+H,M+Na,M-H	267.096753896
CC(=O)N[C@@H](CO)C(O)=O	2	M-H,M+H	147.053157768
OS(=O)(=O)OC1=CNC2=CC=CC=C12	1	M-H	213.009578704
CN1CC(=O)NC1=N	3	M+H,2M+Na,M+Na	113.058911844
O=CC1=CC=CC=C1	0		106.041864812
CC=CC=CC(=O)O	1	M-H2O+H	112.052429496
OC(=O)\C=C\C1=CNC=N1	3	M-H,M+H,M-H2O+H	138.042927432
OC(=O)[C@@H]1CCCN1	1	M+H	115.063328528
N[C@@H](COP(O)(O)=O)C(O)=O	1	M-H	185.008923606
CC1C2=CC(=C(C=C2CCN1)O)O	2	M-H,M+H	179.094628656
CN(C)C(=NCCCC(C(=O)O)N)N	6	M+H,M+Na,M-H,M+H,M+Na,M-H	202.142975816
C[C@@H](N)C(O)=O	0		89.047678464
NC(=N)NCC(O)=O	0		117.053826464
C(CCCCC(=O)O)CCCC(=O)O	3	M-H,M+H,M+Na	202.120509056
OC[C@H]1O[C@H](O[C@H]2O[C@H](CO)[C@@H](O)[C@H](O)[C@H]2O)[C@H](O)[C@@H](O)[C@@H]1O	2	M-H,M+Na	342.11621152399994
CC(O)(CC(O)=O)CC(O)=O	3	M+Na,M-H,2M-2H+Na	162.05282342
CN1C=NC2=C1C(=O)N(C)C(=O)N2C	2	M+H,M+Na	194.08037556
OC(=O)CC(O)=O	0		104.01095860800001
[H][C@@]12CC[C@H]([C@H](C)CCC(=O)NCC(O)=O)[C@@]1(C)[C@@H](O)C[C@@]1([H])[C@@]2([H])[C@H](O)CC2C[C@H](O)CC[C@]12C	5	M+H,M-H2O+H,M+Na,M-2H2O+H,M-H	465.30903809599994
NC(N)=NCCCC(O)=O	3	M+H,M+Na,M-H	145.085126592
O[C@H]1[C@@H](O)[C@@H](O[C@@H]1COP(O)(O)=O)N1C=CC(=O)NC1=O	3	M-H,M+H,M+Na	324.03586662600003
N[C@@H](CS)C(=O)NCC(O)=O	0		178.04121318
CCCCCCCCCCCCCCCC(=O)OCC(COC(=O)CCCCCCCCCCCCCCC)OC(=O)CCCCCCCCCCCCCCC	0		806.736340856
OC(=O)C(=O)CS	0		119.98811498799999
NCCOP(O)(=O)OP(O)(=O)OC[C@H]1O[C@H]([C@H](O)[C@@H]1O)N1C=CC(N)=NC1=O	2	M-H,M+H	446.06038072
OC(=O)C1=CC=CN1	0		111.0320284
OC(=O)CCCC(O)=O	4	M+Na,M+Na,M-H,M-H	132.042258736
NC1=NC=NC2=C1N=CN2[C@@H]1O[C@H](COP(O)(O)=O)[C@@H](O)[C@H]1O	3	M-H,M+H,M+Na	347.0630844179999
CC1=C(SC=[N+]1CC2=CN=C(N=C2N)C)CCO[P@@](O)(OP([O-])(O)=O)=O	2	M+H,M-H	424.03714317599986
NC1=NC=NC2=C1N=CN2[C@@H]1O[C@H](COP(O)(=O)OP(O)(=O)OP(O)(O)=O)[C@@H](O)[C@H]1O	2	M-H,M-H	506.9957454619998
C[N+]1=CC(=CC=C1)C([O-])=O	3	M+H,2M+Na,M+Na	137.047678464
OC(=O)[C@@H](CC1=CC(O)=C(O)C=C1)OC(=O)\C=C\C1=CC(O)=C(O)C=C1	1	M+Na	360.08451747199996
CC(=O)OC[C@H](N)C(O)=O	1	M+H	147.053157768
C(C(C(=O)O)O)(C(=O)C(=O)O)C(=O)O	0		206.00626715200002
N[C@H]1C(O)O[C@H](CO)[C@@H](O)[C@@H]1O	3	M+H,M-H2O+H,M+Na	179.079372516
NC1=NC=NC2=C1N=CN2[C@H]1C[C@H](O)[C@@H](COP(O)(=O)OP(O)(=O)OP(O)(O)=O)O1	1	M-H	491.00083084199974
OC(=O)C(=O)CC1=CC=CC=C1	1	M+Na	164.04734411599998
OC(=O)C(O)=O	0		89.995308544
NCCCN	0		74.08439831999999
NC=O	0		45.021463716
OC[C@H]1O[C@H](O[P@@](O)(=O)O[P@@](O)(=O)OC[C@H]2O[C@H]([C@H](O)[C@@H]2O)N2C=CC(=O)NC2=O)[C@H](O)[C@@H](O)[C@H]1O	1	M-H	566.0550205679999
CCCCCCCCC(O)=O	0		158.130679816
CC(=O)N1CCCC1C(=O)O	4	M+H,M+Na,M-H,2M-2H+Na	157.073893212
CSCCC(O)C(O)=O	2	M-H,2M-2H+Na	150.03506518
C1=CC(=CC(=C1)O)C=O	0		122.036779432
N[C@@H](CC1=CC(I)=C(O)C(I)=C1)C(O)=O	2	M+H,M-H	432.86718914799997
CC(C)[C@H](N)C(O)=O	3	M+H,M-H2O+H,M+Na	117.078978592
CN1C=NC=C1C[C@H](NC(=O)CCN)C(O)=O	2	M+H,M-H	240.122240372
NCCS	0		77.029920224
NCC(=O)CCC(O)=O	3	M+H,M-H2O+H,M-H	131.058243148
C1=CNN=C1	0		68.037448128
NCCCC(O)=O	0		103.063328528
N1C=CC2=C1C=CC=C2	0		117.057849224
COC1=C(C=CC(=C1)C(=O)OC)O	0		182.0579088
C[C@@H](O)[C@H](N)C(O)=O	1	M+H	119.058243148
CN(C)C1=CC=C(C=C1)N	1	M+H	136.100048384
OC(CC1=CC=C(O)C=C1)C(O)=O	3	M-H,2M-2H+Na,M+Na	182.0579088
C1=CC(=O)NC(=C1)O	2	2M-H,M+H	111.0320284
CC1=C(N)NC(=O)N=C1	4	M+H,2M+Na,M+Na,2M+H	125.058911844
CC(C)=CCO	0		86.07316494
CC(=O)C(O)=O	0		88.016043988
OCC(=O)C(O)=O	0		104.01095860800001
NC1=NC2=C(N=CN2[C@@H]2O[C@H](COP(O)(O)=O)[C@@H](O)[C@H]2O)C(=O)N1	2	M+H,M-H	363.057999038
CN1C=NC(C[C@H](N)C(O)=O)=C1	3	M+H,M+Na,M-H	169.085126592
OCC(O)C1=CC(O)=C(O)C=C1	4	M-H2O+H,M+Na,M-H,2M-H	170.0579088
CNC[C@H](O)C1=CC=C(O)C(O)=C1	3	M-H,M+H,M-H2O+H	183.089543276
CSCC[C@@H](NC=O)C(O)=O	3	M+Na,M-H,2M-2H+Na	177.045964212
CNC(CCC(=O)O)C(=O)O	3	M+H,M-H2O+H,M-H	161.068807832
OC(=O)CC1=CN=CN1	1	M+H	126.042927432
C[N+](C)(CCCC([O-])=O)C	1	M+H	145.11027872
COC1=CC(CC(O)=O)=CC=C1O	0		182.0579088
CCCCCCCC\C=C/CCCCCCCCCCCC(O)=O	0		338.31848058399993
CC(=O)OC1=CC=CC=C1	0		136.052429496
OCC(O)=O	0		76.016043988
OC[C@H](O)[C@H](O)[C@H](O)CO	2	M-H,M+Na	152.068473484
C1=CN=C2C(=N1)C(=O)NC(=O)N2	2	M+H,M-H	164.033425368
CCCCCCCC\C=C/CCCCCCCC(=O)O[C@H]1CC[C@@]2(C)C(=CC[C@@]3([H])[C@]4([H])CC[C@]([H])([C@H](C)CCCC(C)C)[C@@]4(C)CC[C@]23[H])C1	0		650.6001817360001
OC(=O)\C=C/C(O)=O	0		116.01095860800001
C(CCN=C(N)N)CN	1	M+H	130.12184644799999
OC(=O)C1=CC=CC=N1	0		123.0320284
NC(CCS)C(O)=O	2	M+H,M-H	135.035399528
NCC(O)C1=CC=CC=C1	1	M-H2O+H	137.084063972
C[C@H](CCC(=O)NCCS(O)(=O)=O)C1CCC2C3CCC4C[C@H](O)CC[C@]4(C)C3CC[C@]12C	1	M-H2O+H	483.30184454
OC[C@H]1O[C@@](CO)(O[C@H]2O[C@H](CO[C@H]3O[C@H](CO[C@H]4O[C@H](CO)[C@H](O)[C@H](O)[C@H]4O)[C@H](O)[C@H](O)[C@H]3O)[C@@H](O)[C@H](O)[C@H]2O)[C@@H](O)[C@@H]1O	2	M-H,M+Na	666.2218583639999
C[C@@H](O)CC(O)=O	0		104.047344116
C1=CC=C2C(=C1)C=CC(=C2O)C(=O)O	0		188.047344116
NC1=NC2=C(N=CN2[C@H]2C[C@H](O)[C@@H](COP(O)(=O)OP(O)(=O)OP(O)(O)=O)O2)C(=O)N1	0		506.99574546199983
NC(=O)C1=CC=C[N+](=C1)[C@@H]1O[C@H](COP(O)([O-])=O)[C@@H](O)[C@H]1O	1	M+H	334.05660206999994
OC(=O)CC1=C(O)C=CC(O)=C1	2	M-H,2M-2H+Na	168.042258736
COC1=C(O)C=CC(=C1)[C@H](O)C(O)=O	2	M-H,M-H2O+H	198.05282342
O[C@@H]1[C@@H](COP(O)(=O)OP(O)(O)=O)OC([C@@H]1O)N1C=NC2=C1NC=NC2=O	1	M-H	428.0134305280001
NC1=NC=NC2=C1N=CN2[C@@H]1O[C@@H]2COP(O)(=O)O[C@H]2[C@H]1O	6	M+H,M+Na,M-H,M+H,M+Na,M-H	329.05251973399993
C[S+](C[C@H]1O[C@@H](N2C=NC3=C(N=CN=C23)N)[C@@H]([C@@H]1O)O)CC[C@@H](C([O-])=O)N	1	M+H	398.13723880399994
NCCS(O)(=O)=O	1	M+Na	125.014664084
N1C=NC2=C1C=NC=N2	1	M+H	120.04359612799999
CCOC(=O)C(C)C(=O)C(=O)OCC	0		202.084123548
OC(=O)C=O	0		74.000393924
CC(C)C=NO	0		87.068413908
OC[C@H]1O[C@H](C[C@@H]1O)N1C=CC(=O)NC1=O	2	M+Na,M-H	228.074621484
C1=C(C=C(C=C1N)O)C(=O)O	2	M-H,M+H	153.042593084
O[C@H]1COC(O)[C@H](O)[C@H]1O	1	M+Na	150.05282342
C[C@@H](O)[C@@H](C)O	0		90.06807956
O[C@H]1[C@H](O)[C@](O)(COP(O)(O)=O)O[C@@H]1COP(O)(O)=O	0		339.99604914799994
[H][C@@]1(OC(=O)C(O)=C1O)[C@@H](O)CO	0		176.032087976
CCCCCCCCCCCCCC(=O)OCC(CO)O	3	M+H,M-H2O+H,M+Na	302.245709568
N[C@@H](CC1=CC=C(O)C=C1)C(O)=O	3	M-H,2M-2H+Na,M+H	181.073893212
OC(=O)CCC(O)=O	0		118.02660867200001
NC(=N)N[C@@H](CC(O)=O)C(O)=O	2	M+H,M-H2O+H	175.059305768
C(C(=O)O)NC=O	1	2M-2H+Na	103.02694302
CC(=O)NCC(O)=O	0		117.042593084
COC(=O)CC(C)=O	0		116.047344116
C[N+](C)(C)CCOP([O-])(=O)OP(O)(=O)OC[C@H]1O[C@H]([C@H](O)[C@@H]1O)N1C=CC(N)=NC1=O	3	M+H,M+Na,M-H	488.10733091199995
CC1=C(C=C)\C(NC1=O)=C\C1=C(C)C(CCC(O)=O)=C(CC2=C(CCC(O)=O)C(C)=C(N2)\C=C2/NC(=O)C(C=C)=C2C)N1	0		584.2634848719999
O=C1CCCC1	0		84.057514876
NCCS(O)=O	1	M+H	109.019749464
C[C@H]1O[C@H]([C@H](O)[C@@H]1O)N1C=NC2=C(N)N=CN=C12	2	M+H,M+Na	251.101839276
CC(=CCNC1=NC=NC2=C1NC=N2)C	0		203.11709541599998
CC(C)=CC(=O)SCCNC(=O)CCNC(=O)C(O)C(C)(C)COP(O)(=O)OP(O)(=O)OC[C@H]1O[C@H]([C@H](O)[C@@H]1OP(O)(O)=O)N1C=NC2=C1N=CN=C2N	0		849.157073774
O[C@H]1[C@@H](O)[C@@H](OP(O)(=O)OP(O)(O)=O)O[C@@H]1COP(O)(O)=O	0		389.95181498599993
OC(=O)[C@@H]1CCC(=O)N1	3	M+H,M+Na,2M-2H+Na	129.042593084
O=C1CCNC(=O)N1	0		114.042927432
OC(=O)C1=NC2=C(O)C=CC=C2C(O)=C1	2	M+H,M-H	205.037507704
OCC(O)CO	0		92.047344116
CC1C2=CC=CC=C2NC1=O	2	M+H,M+Na	147.068413908
OC(=O)\C=C\C1=CC=C(O)C=C1	2	M+H,M+Na	164.047344116
O=C\C=C\C1=CC=CC=C1	0		132.057514876
C[N+](C)(C)CCO	0		104.10699048808999
NCCCCC(O)=O	3	M+H,M-H2O+H,M+Na	117.078978592
N[C@@H](CC1=CNC=N1)C(O)=O	9	M+H,M+Na,2M+H,M-H,2M-2H+Na,M-H,2M-2H+Na,M+H,2M+H	155.069476528
NC1=NC(=O)N(C=C1)[C@@H]1O[C@H](CO)[C@@H](O)[C@H]1O	2	M+H,M+Na	243.085520516
N[C@H]1[C@H](O)O[C@H](COS(O)(=O)=O)[C@@H](O)[C@@H]1O	3	M-H,M+H,M-H2O+H	259.03618737600004
CC(=O)N[C@@H](CC(O)=O)C(O)=O	4	M-H,M+H,M-H2O+H,M+Na	175.048072388
OC(=O)CC(=O)C(O)=O	0		132.005873228
O=P([O-])(OP(O)(OCC1C(O)C(O)C(N2C=NC3=C2NC=NC3=O)O1)=O)OCC(O4)C(O)C(O)C4[N+]5=CC=CC(C(N)=O)=C5	1	M-H	664.093137392
CC(=O)C(C)=O	0		86.036779432
COC1=CC(=CC=C1O)C(O)CN	2	M-H2O+H,M+Na	183.089543276
NCCC(=O)N[C@@H](CC1=CN=CN1)C(O)=O	3	M-H,M+H,M+Na	226.106590308
NCCCNCCCN	1	M+H	131.14224754399999
C1C(C(C(C(O1)(CO)O)O)O)O	2	M-H,M+Na	180.063388104
OC(=O)\C=C\C(O)=O	0		116.01095860800001
NC(=O)OP(O)(O)=O	0		140.982708858
COC1=CC=CC=C1O	0		124.052429496
CC1=C(CCOP(O)([O-])=O)SC=[N+]1CC1=CN=C(C)N=C1N	1	M+H	344.07081265400006
CC(C)C[C@H](N)C(O)=O	2	M+H,M-H	131.094628656
NC(CS(O)(=O)=O)C(O)=O	2	M-H,M+Na	169.004493324
NC(CSCC(O)=O)C(O)=O	2	M+H,M-H	179.025228768
C([C@@H]([C@@H]1C(=O)C(=O)C(=O)O1)O)O	0		174.01643791200001
CCCCCC\C=C/CCCCCCCC(O)=O	0		254.2245802
NC1=NC2=C(N=CN2[C@@H]2O[C@H](CO)[C@@H](O)[C@H]2O)C(=O)N1	3	M+H,M+Na,M-H	283.091668516
OC(=O)C1CCCCN1	2	M+H,M+Na	129.078978592
OC[C@H]1O[C@H](O)[C@H](O)[C@@H](O)[C@@H]1O	1	M+Na	180.063388104
CC(=O)N[C@@H](CC1=CC=CC=C1)C(O)=O	4	M-H,2M-2H+Na,M+H,M+Na	207.089543276
COC(=O)CCCC(=O)O	0		146.0579088
C1=CN(C(=O)NC1=O)C2C(C(C(O2)COP(=O)(O)OP(=O)(O)OC3C(C(C(C(O3)CO)O)O)O)O)O	1	M-H	566.0550205679998
C[C@H](N)C(O)=O	0		89.047678464
N[C@@H](CC(=O)C1=CC=CC=C1N)C(O)=O	4	M-H,M+H,M+H,M-H	208.084792244
NC(=O)C1=CC=CC=C1O	2	M-H,M+H	137.047678464
O[C@@H](CC(O)=O)C(O)=O	2	M-H,M+Na	134.021523292
OC[C@H]1O[C@@H](O[C@H]2[C@H](O)[C@@H](O)[C@H](O)O[C@@H]2CO)[C@H](O)[C@@H](O)[C@@H]1O	2	M-H,M+Na	342.11621152399994
OC(=O)C(=O)CC1=CC=C(O)C=C1	0		180.04225873599998
N[C@@H](CCSC[C@H]1O[C@H]([C@H](O)[C@@H]1O)N1C=NC2=C(N)N=CN=C12)C(O)=O	3	M-H,M+H,M+Na	384.12158874
NC1=NC(=O)N(C=C1)[C@@H]1O[C@H](COP(O)(=O)OP(O)(=O)OP(O)(O)=O)[C@@H](O)[C@H]1O	1	M-H	482.9845120819998
C/C(C)=C\COP(O)(OP(O)(O)=O)=O	0		246.005825984
O[C@@H]1O[C@@H]2[C@@H](O)C(=O)O[C@@H]2[C@H]1O	1	M+Na	176.032087976
O[C@H]([C@@H](O)C(O)=O)C(O)=O	1	M-H	150.01643791200001
CCCC[C@H](N)C(O)=O	2	M-H,M+H	131.094628656
C1=CC=C(C(=C1)N)O	1	M+H	109.052763844
C(CN)C(=O)O	0		89.047678464
CNCCC1=CNC2=CC=CC=C12	1	M+H	174.115698448
OC(=O)C1=CC=CN=C1C(O)=O	3	M-H,M+H,M-H2O+H	167.02185764
CSCCC(NC(C)=O)C(O)=O	3	M-H,M+H,M+Na	191.061614276
OC(=O)C(=C)OP(O)(O)=O	1	M-H	167.98237451
OC1=CC=CC=N1	0		95.03711378
[H][C@@]12CC[C@H]([C@H](C)CCCC(C)C)[C@@]1(C)CC[C@@]1([H])C2=CC=C2C[C@@H](O)CC[C@]12C	0		384.33921602799995
OCCCCCCCCCCCC(O)=O	4	M+H,M-H2O+H,M+Na,M-2H2O+H	216.172544628
N[C@@H](CC1=CC=CC=C1)C(O)=O	2	M+H,M-H	165.078978592
CC1=C(O)C(CN)=C(CO)C=N1	3	M+H,M+Na,M-H	168.089877624
O[C@@H]1COC(O)[C@H](O)[C@H]1O	1	M+Na	150.05282342
N[C@@H](CCC(O)=O)C(O)=O	2	M+H,M-H	147.053157768
CC(=O)CC(O)=O	0		102.031694052
OC1CN[C@@H](C1)C(O)=O	3	M+H,M+Na,M-H	131.058243148
CC(=O)N[C@@H](CC1=CNC2=C1C=CC=C2)C(O)=O	3	M-H,M+H,M+Na	246.100442308
OC[C@@H](O)[C@H](O)[C@H](O)C(=O)CO	1	M+Na	180.063388104
OC(=O)C1CC(=O)NC(=O)N1	3	M-H,2M-2H+Na,M+H	158.032756672
OC(=O)C\C(=C/C(O)=O)C(O)=O	0		174.01643791200001
CCCCCCCCCCCCCCCCCCCC(O)=O	0		312.30283052
O[C@@H]1[C@@H](COP(O)(O)=O)O[C@H]([C@@H]1O)N1C=NC2=C1N=CNC2=O	5	M-H,M+H,M-H,M+H,M+Na	348.04710000600005
OC(=O)C1=CC=CC=C1O	0		138.031694052
N[C@@H](CCSC[C@H](N)C(O)=O)C(O)=O	2	M-H,M+H	222.067427928
CCOC(=O)CC1=CNC2=CC=CC=C21	2	M+H,M+Na	203.094628656
CS(=N)(=O)CCC(N)C(O)=O	2	M-H,M+H	180.056863244
CC(=O)NCCCCN	2	M+H,M+Na	130.110613068
C[C@@H]1OC(O)[C@H](O)[C@H](O)[C@H]1O	2	M-H,M+Na	164.068473484
CC(=O)OCC[N+](C)(C)C	0		146.11755517209
CCC(O)C(O)=O	0		104.047344116
CCC(C(O)=O)C(O)=O	1	M-H	132.042258736
C(C(C(C(C=O)O)O)O)O	1	M+Na	150.05282342
NC(=O)C1=CN(C=CC1)[C@H]1O[C@@H](COP(O)(=O)OP(O)(=O)OC[C@@H]2O[C@@H]([C@@H](OP(O)(O)=O)[C@H]2O)N2C=NC3=C(N)N=CN=C23)[C@H](O)[C@@H]1O	0		745.0911023899998
C(COC(=O)CCC(=O)O)C(C(=O)O)N	2	M+H,M+Na	219.074287136
CN1C=NC2=C1C(=O)NC(=O)N2C	1	M+H	180.064725496
OC[C@H]1O[C@](O)(CO)[C@@H](O)[C@@H]1O	1	M+Na	180.063388104
CCCCCCCCCCCCCCCCC(O)=O	0		270.255880328
OC(=O)CC(=C)C(O)=O	1	M-H	130.026608672
C1CC(N(C1)C(=O)C(CC2=CN=CN2)NC(=O)C3CCC(=O)N3)C(=O)N	3	M-H,M+H,M+Na	362.170253184
NC1=NC=NC2=C1N=CN2[C@@H]1O[C@H](COP(O)(O)=O)[C@@H](OP(O)(O)=O)[C@H]1O	2	M+H,M-H	427.02941493999987
NC1=NC2=C(N=CN2[C@@H]2O[C@H](COP(O)(=O)OP(O)(=O)O[C@H]3O[C@H](CO)[C@@H](O)[C@H](O)[C@@H]3O)[C@@H](O)[C@H]2O)C(=O)N1	1	M-H	605.0771529799998
CC(C)(O)C(O)=O	0		104.047344116
NC1=CC=NC(=O)N1	4	M+H,2M+Na,M+Na,2M+H	111.04326178
NCCC1=CC=C(O)C=C1	1	M+H	137.084063972
CCC(C)C(=O)C(O)=O	3	M-H,2M-2H+Na,2M+Na	130.06299418
C1=CC(=O)NC1=O	0		97.016378336
CCCCC(O)=O	0		102.06807956
OC(C(O)=O)C1=CC=C(O)C(O)=C1	3	M-H2O+H,M-2H2O+H,M-H	184.037173356
NC(CC1=CC(I)=C(OC2=CC=C(O)C=C2)C(I)=C1)C(O)=O	2	M-H,M+H	524.8934038959999
C1=CC2=C(C=C1O)C(=CN2)CCN	2	M+H,M+Na	176.094963004
O[C@@H]1CC(=C[C@@H](O)[C@H]1O)C(O)=O	2	M+Na,M-H	174.05282342
C[N+](C)(CCOP([O-])(O)=O)C	1	M+H	183.066044558
C[C@H](NC(C)=O)C(O)=O	2	M+Na,M-H	131.058243148
[H]C([H])(C=O)[C@@]([H])(O)[C@]([H])(O)[C@]([H])(O)CO	1	M+Na	164.068473484
NCCCCN	0		88.10004838399999
C1=CC(=CC=C1C(C(=O)O)N)O	1	M-H	167.058243148
CN(CC(O)=O)C(N)=N	3	M+H,M+Na,M-H	131.069476528
NC(C1=C[N+]([C@@H]2O[C@@H]([C@H]([C@H]2O)O)COP([O-])(OP(O)(OC[C@H]3O[C@@H](N4C=NC5=C4N=CN=C5N)[C@@H]([C@@H]3O)O)=O)=O)=CC=C1)=O	0		663.1091218040002
N[C@@H](CC(O)=O)C(O)=O	2	M-H,M+H	133.037507704
OC(=O)CCC1=CC=CC=C1O	1	M-H	166.06299418
COCCO	0		76.052429496
CC1=CC2=C(C=C1C)N=CN2	1	M+H	146.08439832
OC(C(O)C(O)C(O)=O)C(O)C(O)=O	2	M-H,M+Na	210.03756728000002
CCCCCCCCC=CCCCCCCCC(=O)OCC(CO)O	1	M+Na	356.29265975999994
CC12CCC(=O)C=C1CCC3C2C(CC4(C3CCC4C(=O)CO)C)O	6	M+H,M-H2O+H,2M+Na,M+Na,M-2H2O+H,2M+H	346.21440943999994
CCCCCCCCCC(=O)OCC(COP(=O)([O-])OCC[N+](C)(C)C)OC(=O)CCCCCCCCC	2	M+H,M+Na	565.374354382
[H]C12CC[C@](O)(C(=O)CO)[C@@]1(C)CCC1([H])[C@@]2([H])CCC2=CC(=O)CC[C@]12C	2	M+H,M+Na	346.21440944
OC1=NC=NC2=C1NC=N2	3	M+H,M+Na,M-H	136.038510748
CCOC(=O)CC(O)=O	0		132.042258736
OC1=CC=CC=C1	0		94.041864812
[H][C@@]1(CC[C@@]2([H])[C@]3([H])CC=C4C[C@H](CC[C@]4(C)[C@@]3([H])CC[C@]12C)OC(=O)CCCCCCCCCCCCCCC)[C@H](C)CCCC(C)C	0		624.584531672
CC(=O)OP(O)(O)=O	0		139.98745989
NC1CCSC1=O	0		117.024834844
[H][C@]12CS[C@@H](CCCCC(O)=O)[C@@]1([H])NC(=O)N2	4	M+H,M-H2O+H,M+Na,M-H	244.088163372
CC1=C(C(=O)C2=CC=CC=C2C1=O)CC=C(C)CCCC(C)CCCC(C)CCCC(C)C	0		450.349780712
CC1=C(O)C(C=O)=C(CO)C=N1	5	M+H,M-H2O+H,M+Na,M-H,2M-H	167.058243148
O=P([O-])(OP(O)(OCC1C(O)C(OP(O)(O)=O)C(N2C=NC3=C2N=CN=C3N)O1)=O)OCC(O4)C(O)C(O)C4[N+]5=CC=CC(C(N)=O)=C5	1	M-H	743.0754523260001
O[C@@H]([C@H](O)C(O)=O)C(O)=O	1	M-H	150.01643791200001
CC(C)=CCC\C(C)=C\COP(O)(=O)OP(O)(O)=O	1	M-H	314.0684262399999
CCCCC\C=C/C\C=C/CCCCCCCC(O)=O	0		280.240230264
N[C@H](CC(O)=O)C(O)=O	2	M-H,M+H	133.037507704
N[C@@H](CC1=CNC2=CC=CC=C12)C(O)=O	3	M+H,M+Na,M-H	204.089877624
OC(COP(O)(O)=O)C(O)=O	1	M-H	185.992939194
CCCCCCC(O)=O	0		130.099379688
OC[C@H]1OC(O)[C@@H](O)[C@@H](O)[C@@H]1O	1	M+Na	180.063388104
OC1=CC=C(O)C=C1	0		110.036779432
C(=CC(=O)O)C(=O)N	0		115.02694302
[H][C@@]1(CO)OC(O)[C@@]([H])(O)[C@@]([H])(O)[C@@]1([H])O	2	M-H,M+Na	180.063388104
CCCCCCCCCCCCCCC[C@@H](O)[C@@H](N)CO	0		301.298079488
NCCC1=C(O)C=C(O)C(O)=C1	0		169.073893212
OC(=O)CC(O)(CC(O)=O)C(O)=O	1	M+Na	192.02700259600002
OC[C@H]1O[C@H]([C@H](O)[C@@H]1O)N1C=NC2=C1N=C(O)N=C2O	2	M+Na,M-H	284.075684104
OC[C@@H](O)[C@@H](O)[C@H](O)[C@H](O)CO	2	M+Na,M-H	182.079038168
NCCC[C@H](N)C(O)=O	2	M+H,M-H	132.089877624
NC1=NC(=O)N(C=C1)[C@@H]1O[C@H](COP(O)(=O)OP(O)(O)=O)[C@@H](O)[C@H]1O	1	M-H	403.0181815599999
CC(C(C1=NC2=C(NC1)NC(=NC2=O)N)O)O	0		239.101839276
OC[C@@H]1O[C@H](O)C[C@H]1O	0		134.0579088
NC1=NC(=O)C2=NC(CNC3=CC=C(C=C3)C(=O)N[C@@H](CCC(O)=O)C(O)=O)=CN=C2N1	1	M-H	441.139681328
OC(=O)\C=C/C1=CC=C(O)C(O)=C1	2	M-H,M-H2O+H	180.042258736
CCCCCCCCCCC/C=C\CCCCC(O)=O	0		282.255880328
NC1=NC(=O)N(C=C1)[C@H]1C[C@H](O)[C@@H](COP(O)(=O)OP(O)(O)=O)O1	1	M-H	387.0232669399999
OC(=O)CC1=CC=CC=C1	0		136.052429496
OC[C@H](O)C(O)[C@H](O)CO	2	M+Na,M-H	152.068473484
CCCCCC(O)=O	0		116.083729624
C[N+](C)(C)C[C@H](CC([O-])=O)OC(=O)CCCC(O)=O	0		275.136887392
C1=NC2=C(N1C3C(C(C(O3)COP(=O)(O)O)O)O)NC(=O)NC2=O	2	M+H,M-H	364.042014626
N[C@@H](CC1=CC(I)=C(OC2=CC=C(O)C(I)=C2)C(I)=C1)C(O)=O	1	M+H	650.790051864
C(C(C=O)O)OP(=O)(O)O	0		169.998024574
OC(=O)[C@@H]1CCCCN1	3	M-H,M+H,M+Na	129.078978592
NC1=C2N=CN([C@@H]3O[C@H](CO[P@](O)(=O)O[P@](O)(=O)O[C@H]4O[C@H](CO)[C@@H](O)[C@H](O)[C@H]4O)[C@@H](O)[C@H]3O)C2=NC=N1	1	M-H	589.0822383599997
O[C@@H]1O[C@H](COP(O)(O)=O)[C@@H](O)[C@H](O)[C@@H]1O	1	M-H	260.02971862600003
CCCCCCSCC(C(=O)NCC(=O)O)NC(=O)CCC(C(=O)O)N	2	M-H,M+H	391.17770664799997
NC1=NC(=O)C2=C(NC[C@H](CNC3=CC=C(C=C3)C(=O)NC(CCC(O)=O)C(O)=O)N2)N1	0		445.170981456
OCC1=CC=CC=C1	1	M+H	108.057514876
CC(CN)C(O)=O	0		103.063328528
NC(CC1=CNC2=CC=CC=C12)C(N)=O	3	M+H,M+Na,M-H	203.105862036
NC(CCSSCCC(N)C(O)=O)C(O)=O	2	M-H,M+H	268.055148992
CN1C=NC2=C1C(=O)N(C)C(=O)N2	1	M+H	180.064725496
CC(C)=CCC\C(C)=C/CC\C(C)=C\CC\C=C(/C)CC\C=C(/C)CCC=C(C)C	0		410.3912516
OC(=N)CC1=CNC2=CC=CC=C12	3	M+H,2M+Na,M+Na	174.07931294
CC(C)(COP(O)(=O)OP(O)(=O)OC[C@H]1O[C@H]([C@H](O)[C@@H]1OP(O)(O)=O)N1C=NC2=C1N=CN=C2N)C(O)C(=O)NCCC(=O)NCCS	1	M-H	767.115208962
NCC1=CC=CC=C1	0		107.073499288
OC(=O)C1=CC=CC=C1	0		122.036779432
COC1=CC2=C(NC=C2CCNC(C)=O)C=C1	4	M-H,M+H,2M+Na,M+Na	232.121177752
CC(=O)N[C@@H](CS)C(O)=O	2	M-H,M+H	163.030314148
[H]C12CC[C@H]([C@H](C)CCCC(C)(C)O)[C@@]1(C)CCC1([H])[C@@]2([H])CC=C2C[C@@H](O)CC[C@]12C	0		402.349780712
NC1=NC(=O)N(C=C1)[C@@H]1O[C@H](COP(O)(O)=O)[C@@H](O)[C@H]1O	4	M-H,M+H,M+Na,M-H	323.05185103799994
[H][C@@]1(CC[C@@]2([H])[C@]3([H])[C@H](O)C[C@]4([H])C[C@H](O)CC[C@]4(C)[C@@]3([H])C[C@H](O)[C@]12C)[C@H](C)CCC(O)=O	3	M-H2O+H,M+Na,M-2H2O+H	408.2875743799999
CN1C=NC2=C(N=CN2[C@@H]2O[C@H](CO)[C@@H](O)[C@H]2O)C1=N	3	M+H,M+Na,M-H	281.11240396000005
OC1O[C@H](COP(O)(O)=O)[C@@H](O)[C@H](O)[C@H]1O	3	M+Na,M-H,M-H	260.02971862600003
OC[C@H](O)[C@H](O)CO	1	M+Na	122.0579088
CC(O)C1=CC=CC=C1	1	M+H	122.07316494
O[C@H](COP(O)(O)=O)[C@@H](O)[C@H](O)[C@@H](O)C(O)=O	2	M-H,M+Na	276.024633246
N[C@H](CC1=CNC2=CC=CC=C12)C(O)=O	3	M+H,M+Na,M-H	204.089877624
OCCC1=CNC2=CC=CC=C12	3	M+H,M-H2O+H,M+Na	161.084063972
CCC[C@@H](N)C(O)=O	3	M+H,M-H2O+H,M+Na	117.078978592
N[C@@H](CC(N)=O)C(O)=O	3	M+H,M+Na,M-H	132.053492116
OC(=O)C#C	0		70.005479304
CC/C=C\C/C=C\C/C=C\C/C=C\C/C=C\CCCC(=O)O	0		302.2245802
CCCCCCCCCCCCCCCCCC(N[C@@](COP([O-])(OCC[N+](C)(C)C)=O)([C@](O)(/C=C/CCCCCCCCCCCCC)[H])[H])=O	0		730.598875006
NCCO	0		61.052763844
CCCCCCCCCCCCCCCC(O)=O	0		256.240230264
OCC(O)C=O	0		90.031694052
CC(C)CCC[C@@H](C)CCC[C@@H](C)CCC[C@]1(C)CCC2=C(O1)C(C)=C(C)C(O)=C2C	0		430.3810808399999
C(C1C(C(C(C(O1)O)N)O)O)O	7	M+H,M-H2O+H,2M+Na,M+Na,M+H,M-H2O+H,M+Na	179.079372516
CC1=C(C=C)\C(NC1=O)=C\C1=C(C)C(CCC(O)=O)=C(N1)\C=C1/N\C(=C\C2=NC(=O)C(C=C)=C2C)C(C)=C1CCC(O)=O	1	M+H	582.2478348080001
CC(C(O)=O)C(O)=O	0		118.02660867200001
C1=CC(=C(C=C1CC(C(=O)O)N)[N+](=O)[O-])O	2	M-H,M+H	226.05897142
OC[C@@]1(O)OC[C@H](O)[C@@H](O)[C@@H]1O	1	M+Na	180.063388104
OC(=O)CC1=CC=CC=C1O	1	M-H	152.047344116
CCC(=O)C(O)=O	0		102.031694052
C[N+](C)(C)CCCC[C@H](N)C([O-])=O	1	M+H	188.15247788
O=C1NC2=C(NC=N2)C(=O)N1	2	M-H,M+H	152.033425368
C\C(\C=C\C=C(/C)\C=C\C1=C(C)CCCC1(C)C)=C/C=C/C=C(\C)/C=C/C=C(\C)/C=C/C1=C(C)CCCC1(C)C	0		536.438201792
OCCNCCO	0		105.078978592
CC(=O)OC1=CC=CC(=C1)O	0		152.047344116
OC[C@H]1OC(O)[C@H](O)[C@@H]1O	1	M+Na	150.05282342
CC(C)(COP(=O)(O)OP(=O)(O)OCC1C(C(C(O1)N2C=NC3=C2N=CN=C3N)O)OP(=O)(O)O)C(C(=O)NCCC(=O)NCCSC(=O)CC(C)(CC(=O)O)O)O	0		911.1574676980002
O=P([O-])(OP(O)(OC[C@@H]1[C@@H](O)[C@@H](OP(O)(O)=O)[C@H](N2C=NC3=C2N=CN=C3N)O1)=O)OCC(O4)[C@H](O)[C@H](O)[C@H]4[N+]5=CC=CC(C(O)=O)=C5	1	M-H	744.0594679140002
OC(=O)CP(O)(O)=O	0		139.98745989
NC(N)=S	0		76.009519128
CC1=C(CCC(O)=O)/C2=C/C3=N/C(=C\C4=C(C)C(C=C)=C(N4)/C=C4\N=C(\C=C\1/N\2)C(C=C)=C4C)/C(C)=C3CCC(O)=O	0		562.2580055680002
OC(=O)CCCCCCCC(O)=O	3	M-H2O+H,M-2H2O+H,M-H	188.104858992
NC(=O)C1=C(N)N(C=N1)[C@@H]1O[C@H](COP(O)(O)=O)[C@@H](O)[C@H]1O	2	M-H,M+H	338.06275006999994
OCC(=O)COP(O)(O)=O	0		169.998024574
C1=CC(=C(C=C1C(=O)O)N)O	2	M+H,M-H	153.042593084
NC[C@H](O)CC[C@H](N)C(O)=O	3	M-H,M+H,M-H2O+H	162.100442308
NC1=NC2=C(N=CN2[C@@H]2O[C@H](COP(O)(=O)OP(O)(O)=O)[C@@H](O)[C@H]2O)C(=O)N1	1	M-H	443.0243295599999
CC(=O)OCC(=O)C1CCC2C1(CCC3C2CCC4=CC(=O)CCC34C)C	4	M+H,2M+Na,M+Na,2M+H	372.23005950399994
NCCCNCCCCNCCCN	1	M+H	202.21574683199998
CCCCCCCCCCCCCCCC(=O)OCC(CO)OC(=O)CCCCCCCCCCCCCCC	0		568.5066752759999
OC(=O)CCCCC(O)=O	2	M-H,M+Na	146.0579088
CC(=O)C1=C(O)C=C(O)C=C1	2	M+H,M-H	152.047344116
NC1=NC(=O)N(C=C1)C1O[C@H](CO)[C@H]2OP(O)(=O)O[C@@H]12	3	M-H,M+H,M+Na	305.04128635399996
OP(O)(=O)OC1C(OP(O)(O)=O)C(OP(O)(O)=O)C(OP(O)(O)=O)C(OP(O)(O)=O)C1OP(O)(O)=O	0		659.8613712360001
CC(CC(O)=O)CC(O)=O	2	M-H,M+Na	146.0579088
OC(=O)CCC(=O)C(O)=O	1	M-H	146.021523292
NCCC1=CC=C(O)C(O)=C1	2	M+H,M-H	153.078978592
N[C@@H](CSSC[C@H](N)C(O)=O)C(O)=O	3	M-H,M+H,M-2H2O+H	240.023848864
NC1=C2N=CN(C3OC(COP(O)(=O)OP(O)(=O)OCC4OC(O)C(O)C4O)C(O)C3O)C2=NC=N1	2	M+H,M-H	559.0716736759997
C[C@@H]1OC(O)[C@@H](O)[C@H](O)[C@@H]1O	2	M+Na,M-H	164.068473484
OC(=O)C1=NC2=CC=CC=C2C=C1	2	M+H,M+Na	173.047678464
OCC(=O)[C@@H](O)[C@H](O)[C@H](O)COP(O)(O)=O	1	M-H	260.02971862600003
[H][C@@]12CC[C@H]([C@H](C)CCC(O)=O)[C@@]1(C)[C@@H](O)C[C@@]1([H])[C@@]2([H])CC[C@]2([H])C[C@H](O)CC[C@]12C	3	M+Na,M-2H2O+H,M-2H2O+H	392.29265975999994
CC(=O)NC(CCC(O)=O)C(O)=O	1	M-H	189.063722452
CSCC[C@H](N)C(O)=O	2	M+H,M-H	149.051049592
COC1=C(C=CC(=C1)C(CO)O)O	2	M-H2O+H,M+Na	184.073558864
OC[C@H]1O[C@H](O)[C@H](O)[C@@H](O)[C@H]1O	1	M+Na	180.063388104
CC(=O)NCCC1=CNC2=C1C=C(O)C=C2	3	M+H,M+Na,M-H	218.105527688
CC1=NC=C(CO)C(CO)=C1O	5	M-H,M+H,M-H2O+H,M+Na,M-2H2O+H	169.073893212
CC1=CN([C@H]2C[C@H](O)[C@@H](CO)O2)C(=O)NC1=O	2	M-H,M+Na	242.090271548
CC\C=C/C\C=C/C\C=C/C\C=C/C\C=C/C\C=C/CCC(O)=O	0		328.24023026399993
CCC(O)=O	0		74.036779432
O[C@H]1[C@@H](O)[C@@H](O[C@@H]1COP(O)(=O)OP(O)(O)=O)N1C=CC(=O)NC1=O	1	M-H	404.002197148
NC1=NC(=O)C2=C(N1)N=CN2	3	M-H,M+H,M+Na	151.04940978
CC1=NC=C(COP(O)(O)=O)C(C=O)=C1O	0		247.02457367
NC(CC1=CNC2=C1C=C(O)C=C2)C(O)=O	3	M+H,M+Na,M-H	220.084792244
[H][C@@]12CC[C@](O)(C(=O)CO)[C@@]1(C)CC(=O)[C@@]1([H])[C@@]2([H])CCC2=CC(=O)CC[C@]12C	3	M+H,2M+Na,M+Na	360.193673996
NC1=NC2=NC=CN=C2C(=O)N1	2	M-H,M+H	163.04940978
NCCP(O)(O)=O	1	M+H	125.024179746
CC\C=C/C[C@@H]1[C@@H](CC(=O)OC)CCC1=O	0		224.1412445
CCCCCCCCCC(=O)C	0		170.167065324
COC(CCCN)=O	3	M+H,M-H2O+H,M+Na	117.078978592
CC1=CNC(=O)NC1=O	0		126.042927432
CNCC(O)=O	0		89.047678464
CCCCC\C=C/C\C=C/C\C=C/CCCCC(O)=O	0		278.2245802
OC[C@H]1O[C@H](OC[C@H]2OC(O)[C@H](O)[C@@H](O)[C@@H]2O)[C@H](O)[C@@H](O)[C@H]1O	2	M-H,M+Na	342.11621152399994
CC1=NC=C(CO)C(C(O)=O)=C1O	6	M+H,M-H2O+H,M+Na,M-2H2O+H,M-H,2M-2H+Na	183.053157768
CSC[C@H]1O[C@H]([C@H](O)[C@@H]1O)N1C=NC2=C1N=CN=C2N	3	M+H,M+Na,M-H	297.08956034000005
NCCC(O)=O	0		89.047678464
OC1O[C@H](COP(O)(O)=O)[C@@H](O)[C@H]1O	1	M-H	230.019153942
O[C@H](C(O)=O)C1=CC=CC=C1	1	M-H	152.047344116
NC[C@H](O)C1=CC(O)=C(O)C=C1	3	M-H,M-H2O+H,M+Na	169.073893212
C\C(=C/CO)\C=C\C=C(/C)\C=C\C1=C(C)CCCC1(C)C	0		286.22966558
C(C(C(C(C(C(=O)O)N)O)O)O)O	3	M+H,M+Na,M-H	195.074287136
OC(=O)C1=CC(O)=CC=C1	1	M-H	138.031694052
NC(COP(O)(O)=O)C(O)=O	1	M-H	185.008923606
COC(=O)CC1=CNC2=C1C=CC=C2	2	M+H,M+Na	189.078978592
CCCCCCCCCCCCCC(=O)OCC(COC(=O)CCCCCCCCCCCCC)OC(=O)CCCCCCCCCCCCC	0		722.642440472
OC1C[C@@](O)(C[C@@H](O)[C@H]1O)C(O)=O	3	M-H,2M-2H+Na,M+Na	192.063388104
C1=CC=C(C(=C1)N)S(=O)(=O)O	4	M-H,2M-2H+Na,M+H,M+Na	173.014664084
N[C@@H](CS(=O)=O)C(O)=O	2	M-H,M+H	153.009578704
OC(=O)CNC(=O)C1=CC=CC=C1	3	M+H,M+Na,M-H	179.058243148
OC[C@H]1OC(OP(O)(O)=O)[C@H](O)[C@@H](O)[C@@H]1O	1	M-H	260.02971862600003
CC1=C(C(=O)C(=C(C1=O)OC)OC)CC=C(C)CCC=C(C)CCC=C(C)CCC=C(C)CCC=C(C)CCC=C(C)CCC=C(C)CCC=C(C)CCC=C(C)CCC=C(C)C	0		862.68391136
NC1=NC2=C(N=CN2[C@H]2C[C@H](O)[C@@H](COP(O)(=O)OP(O)(O)=O)O2)C(=O)N1	1	M-H	427.0294149399999
OC[C@@H]1OC(OP(O)(=O)OP(O)(=O)OC[C@@H]2O[C@@H]([C@@H](O)[C@H]2O)N2C=CC(=O)NC2=O)[C@@H](O)[C@H](O)[C@H]1O	1	M-H	566.0550205679999
NC(=O)NC1NC(=O)NC1=O	2	M-H,M+Na	158.043990052
C[N+](C)(C)CC([O-])=O	4	M+H,M-H2O+H,2M+Na,M+Na	117.078978592
N[C@@H](CCC(N)=O)C(O)=O	2	M+H,M-H	146.06914218
CC(C)C(O)=O	0		88.052429496
CC1=CC2=C(C=C1C)N=C3C(=N2)C(=O)NC(=O)N3	2	M+H,M+Na	242.08037556
OC1=CC=C(C=O)C=C1	0		122.036779432
CC(=O)NC(CCCCN)C(O)=O	3	M+H,M+Na,M-H	188.116092372
